datetime,epoch,ghost_index,ghost_type,dist_ghost_pips,atr,body_atr,upper_wick_atr,lower_wick_atr,rsi,close_ret1_atr,close_ret5_atr,close_ret15_atr,vol,vol_ema9,vol_ratio,dist_sh5_above,dist_sl5_below,n_sh5_near,n_sl5_near,dist_sh10_above,dist_sl10_below,dist_bsl_above,dist_ssl_below,dist_bos_above,dist_bos_below,dist_fvg_above,dist_fvg_below,dist_ob_above,dist_ob_below,dist_fib_pips,zz_high_dist_pips,zz_low_dist_pips,traces_3m,traces_5m,traces_10m,traces_15m
2026-07-01T00:58:00-05:00,1782885480,8,1.0000,-133.0000,7.6585,1.0446,0.1632,0.0000,44.37,-0.8814,-0.2938,-1.5669,32.00,39.46,0.8110,4,4,68.00,2.00,90.00,2.00,41.00,0.00,41.00,2.00,13.00,999.00,42.00,12.00,999,999,999,0,0,0,0
2026-07-01T05:30:00-05:00,1782901800,300,1.0000,10.0000,7.0454,0.3194,0.2129,0.3194,62.54,-0.3903,0.8516,3.4065,106.00,94.58,1.1208,4,2,12.00,48.00,71.00,35.00,10.00,10.00,71.00,10.00,3.50,25.00,97.50,21.00,999,999,999,2,4,9,11
2026-07-01T06:03:00-05:00,1782903780,337,1.0000,88.0000,7.2070,1.0753,0.4163,0.2428,72.30,1.1447,2.2894,5.2032,151.00,127.94,1.1802,3,0,999.00,151.00,999.00,235.00,4.00,3.00,4.00,52.00,15.00,21.50,15.00,25.50,999,999,999,3,5,10,15
2026-07-01T14:16:00-05:00,1782933360,805,1.0000,46.0000,14.4761,0.5872,0.2936,0.0000,60.99,0.6390,0.1209,3.6612,403.00,560.07,0.7196,3,2,93.00,200.00,55.00,145.00,32.00,15.00,32.00,37.00,15.00,23.00,25.50,45.00,13,651,424,3,5,10,15
2026-07-01T14:50:00-05:00,1782935400,858,0.0000,-98.0000,16.4086,0.7161,1.1122,0.1067,41.45,0.6856,0.5485,-2.8339,1407.00,789.73,1.7816,2,3,269.00,178.00,155.00,23.00,1.00,23.00,1.00,23.00,21.00,999.00,34.00,124.50,30,852,223,3,5,10,15
2026-07-01T15:56:00-05:00,1782939360,914,1.0000,-75.0000,8.4554,0.2070,0.0296,0.0296,50.43,-0.4139,-0.1478,0.5913,41.00,86.42,0.4744,3,5,47.00,36.00,59.00,36.00,29.00,46.00,194.00,46.00,49.00,42.50,222.50,0.00,402,1224,149,1,3,8,13
2026-07-01T17:56:00-05:00,1782946560,977,0.0000,235.0000,8.0348,2.1469,0.0311,0.0000,62.01,2.1469,2.6759,0.5601,188.00,83.23,2.2588,3,2,11.00,74.00,11.00,45.00,5.00,2.00,110.00,2.00,55.00,52.50,8.50,2.50,163,985,90,0,0,0,0
2026-07-01T18:18:00-05:00,1782947880,1010,0.0000,-97.0000,8.8731,0.6199,0.0282,0.3381,26.52,-0.4508,-1.0988,-4.8461,51.00,84.46,0.6039,0,2,224.00,999.00,33.00,22.00,3.00,22.00,21.00,72.00,23.00,68.50,196.50,7.50,376,1198,123,3,5,10,15
2026-07-01T19:01:00-05:00,1782950460,1055,0.0000,-222.0000,15.4912,1.8559,0.0646,0.4357,27.40,-1.9204,-3.7602,-3.0663,623.00,250.51,2.4870,1,3,276.00,999.00,317.00,999.00,90.00,999.00,97.00,999.00,162.50,999.00,230.50,999.00,660,1482,407,3,5,10,15
2026-07-01T20:05:00-05:00,1782954300,1116,1.0000,267.0000,16.8718,0.0148,0.3112,0.1926,74.12,0.0889,1.3780,5.7492,189.00,173.98,1.0863,2,0,999.00,564.00,999.00,265.00,19.00,12.00,19.00,15.00,5.00,94.00,18.00,137.50,14,836,239,3,5,10,15
2026-07-02T15:55:00-05:00,1783025700,2285,0.0000,164.0000,6.5640,0.3047,0.0762,0.4190,55.01,-0.2285,-0.3047,0.2285,92.00,94.59,0.9727,4,3,10.00,64.00,27.00,69.00,10.00,8.00,10.00,108.00,131.00,2.00,375.50,46.00,29,3060,906,0,0,0,0
2026-07-02T17:51:00-05:00,1783032660,2363,1.0000,60.0000,6.1001,0.1229,0.2459,0.1229,59.00,-0.0820,-0.3688,1.2295,11.00,31.66,0.3475,4,0,34.00,152.00,34.00,180.00,28.00,9.00,219.00,9.00,27.50,101.00,143.50,72.00,202,2828,1138,3,5,10,15
2026-07-02T22:03:00-05:00,1783047780,2609,1.0000,77.0000,7.7072,0.3568,0.1297,0.1297,62.64,0.4866,-0.0973,2.2057,70.00,72.60,0.9642,3,0,18.00,180.00,18.00,180.00,12.00,11.00,456.00,12.00,7.00,29.50,219.50,211.50,175,2275,1691,3,5,10,15
2026-07-02T22:33:00-05:00,1783049580,2638,1.0000,18.0000,6.9956,0.4646,0.1429,0.2502,57.56,-0.6075,0.7147,1.2865,41.00,65.55,0.6255,4,2,60.00,73.00,60.00,73.00,71.00,9.00,420.00,9.00,42.00,29.00,183.50,59.00,211,2239,1727,2,2,2,2
2026-07-03T00:23:00-05:00,1783056180,2763,1.0000,-119.0000,9.3978,0.0000,0.6384,0.6118,37.34,-0.0798,-2.2878,-1.6759,158.00,88.07,1.7940,5,4,28.00,35.00,136.00,35.00,28.00,35.00,28.00,100.00,13.00,50.00,23.50,40.50,96,2079,1887,0,0,2,5
2026-07-03T00:57:00-05:00,1783058220,2783,0.0000,110.0000,7.7331,0.0323,0.3233,0.2910,54.69,-0.0647,1.0345,-0.7112,75.00,64.19,1.1684,3,4,48.00,42.00,49.00,58.00,7.00,4.00,48.00,8.00,25.00,44.00,14.00,49.50,9,1992,1974,0,0,0,0
2026-07-03T03:26:00-05:00,1783067160,2943,0.0000,59.0000,6.7728,0.1107,0.7382,0.0000,52.80,0.1107,-0.0738,1.0335,88.00,48.31,1.8216,6,4,27.00,14.00,27.00,17.00,5.00,14.00,15.00,14.00,6.50,1.50,10.50,44.50,93,1890,2076,0,0,0,0
2026-07-03T05:45:00-05:00,1783075500,3073,1.0000,34.0000,6.3055,0.2379,0.1982,0.1189,65.69,-0.1189,3.3304,2.4185,35.00,102.55,0.3413,3,3,34.00,91.00,22.00,87.00,5.00,15.00,13.00,31.00,9.00,50.50,9.00,87.50,197,1713,2253,3,5,10,14
2026-07-03T06:34:00-05:00,1783078440,3119,0.0000,77.0000,5.6083,0.1337,0.3566,0.3120,59.32,-0.0446,2.4963,1.2927,40.00,51.44,0.7777,4,4,8.00,31.00,8.00,69.00,3.00,9.00,8.00,13.00,27.00,32.50,27.00,20.00,215,1731,2235,0,0,0,0
2026-07-03T08:34:00-05:00,1783085640,3240,1.0000,46.0000,11.3988,1.8862,0.0877,0.3290,58.46,-1.7984,0.8773,2.3467,574.00,391.27,1.4670,5,4,101.00,159.00,101.00,173.00,3.00,12.00,54.00,12.00,9.00,1.00,40.50,2.00,44,1560,2406,3,4,9,14
2026-07-03T09:21:00-05:00,1783088460,3278,0.0000,-32.0000,10.5413,0.6166,0.2609,0.6641,36.33,-0.5455,-1.8024,-2.6562,343.00,208.64,1.6440,3,3,115.00,1.00,92.00,35.00,2.00,1.00,32.00,2.00,11.50,6.00,23.50,5.00,182,1698,2268,1,1,2,3
2026-07-03T10:37:00-05:00,1783093020,3362,0.0000,-8.0000,6.6116,0.1891,0.5294,0.0756,44.24,-0.0756,0.6428,-2.0419,85.00,92.06,0.9233,3,5,100.00,1.00,74.00,46.00,1.00,1.00,14.00,20.00,12.00,6.50,5.50,23.00,164,1680,2286,3,5,10,10
2026-07-05T21:15:00-05:00,1783304100,3700,1.0000,-326.0000,16.9054,0.7394,0.1035,0.1183,43.71,0.8429,-0.3845,-1.8633,130.00,145.97,0.8906,3,4,180.00,95.00,180.00,95.00,6.00,0.00,6.00,63.00,42.00,3.50,65.50,11.00,93,950,1781,0,0,0,0
2026-07-06T07:22:00-05:00,1783340520,4314,1.0000,-21.0000,11.7752,0.1062,0.1274,0.2972,47.40,-0.0849,-1.1465,-0.8705,109.00,157.06,0.6940,5,3,21.00,155.00,105.00,155.00,4.00,7.00,13.00,9.00,5.00,11.00,0.50,10.00,95,406,907,0,0,0,1
2026-07-06T17:12:00-05:00,1783375920,4807,1.0000,-25.0000,8.6008,0.2325,0.1163,0.1453,60.57,0.1453,2.7032,2.4416,40.00,85.50,0.4678,4,4,14.00,56.00,14.00,64.00,2.00,3.00,15.00,3.00,11.50,1.50,2.00,7.50,118,510,1134,0,0,2,3
2026-07-06T18:40:00-05:00,1783381200,4922,1.0000,-206.0000,7.8159,0.3838,0.3199,0.1279,36.15,-0.5118,-1.6953,-2.0471,74.00,68.53,1.0798,1,3,117.00,18.00,117.00,18.00,1.00,2.00,1.00,4.00,7.50,0.00,10.00,0.50,45,867,777,0,0,0,0
2026-07-06T19:35:00-05:00,1783384500,4948,1.0000,-286.0000,16.5608,0.6793,0.1661,0.2868,36.06,-0.7699,-2.5361,-2.7625,220.00,165.44,1.3298,2,3,184.00,5.00,184.00,5.00,2.00,3.00,2.00,3.00,3.00,27.00,0.50,5.50,20,1036,608,0,0,0,0
2026-07-06T20:15:00-05:00,1783386900,5020,0.0000,-19.0000,14.6692,0.1534,0.5794,0.0341,38.69,0.0682,-0.9544,-1.4997,62.00,106.95,0.5797,2,3,96.00,999.00,213.00,999.00,1.00,4.00,1.00,18.00,22.00,0.00,10.50,8.00,94,1162,482,3,5,10,15
2026-07-06T21:36:00-05:00,1783391760,5100,0.0000,-7.0000,10.6649,0.7501,0.0703,0.7267,42.49,0.8673,0.2579,-2.0628,158.00,132.23,1.1949,2,2,174.00,999.00,215.00,196.00,3.00,30.00,3.00,30.00,7.00,12.00,14.50,28.50,57,1314,330,3,4,7,12
2026-07-07T00:48:00-05:00,1783403280,5250,1.0000,-35.0000,12.5036,0.7998,0.0600,0.1600,57.57,-0.7798,-0.8597,1.8595,127.00,147.96,0.8583,3,1,999.00,162.00,35.00,79.00,7.00,2.00,79.00,37.00,38.00,17.50,3.50,14.00,527,1784,140,2,4,9,14
2026-07-07T06:31:00-05:00,1783423860,5597,1.0000,-317.0000,10.3633,1.7851,0.0724,0.0000,35.24,-1.5439,-3.5703,-2.0264,146.00,103.79,1.4067,3,3,165.00,30.00,165.00,30.00,2.00,0.00,2.00,2.00,3.50,27.00,1.00,24.50,30,536,206,0,0,0,0
2026-07-07T08:03:00-05:00,1783429380,5720,0.0000,-95.0000,12.5783,0.3180,0.1789,0.6161,38.53,-0.2385,0.0000,-0.3379,219.00,242.93,0.9015,2,3,44.00,51.00,66.00,26.00,6.00,0.00,13.00,26.00,25.00,21.00,5.00,22.50,21,437,305,3,5,10,15
2026-07-07T08:50:00-05:00,1783432200,5789,0.0000,-211.0000,42.3522,0.1299,0.4604,0.1594,40.82,0.1240,-1.1806,-0.1003,1590.00,2092.94,0.7597,5,3,362.00,101.00,362.00,101.00,22.00,10.00,46.00,53.00,123.00,7.50,31.50,8.00,343,910,168,3,5,10,15
2026-07-07T12:28:00-05:00,1783445280,5975,0.0000,174.0000,18.3793,0.3537,0.2448,0.2992,45.35,-0.4081,-1.7819,-0.7617,453.00,563.67,0.8037,4,4,112.00,79.00,114.00,79.00,1.00,7.00,9.00,7.00,64.50,0.50,1.00,21.50,41,857,1279,0,0,0,0
2026-07-07T13:20:00-05:00,1783448400,6017,0.0000,122.0000,14.1228,0.1416,0.1947,0.5665,46.56,-0.1593,-0.6904,-0.9736,342.00,456.95,0.7484,4,5,82.00,20.00,71.00,49.00,2.00,6.00,30.00,20.00,6.50,43.50,12.00,26.00,1,814,1322,0,0,2,5
2026-07-07T15:28:00-05:00,1783456080,6159,0.0000,432.0000,10.0279,0.3740,0.0997,0.4487,53.85,-0.3989,0.5734,-0.4737,174.00,160.69,1.0828,3,1,48.00,74.00,102.00,74.00,8.00,7.00,34.00,57.00,34.00,4.00,9.00,7.50,65,676,807,0,0,0,0
2026-07-07T17:51:00-05:00,1783464660,6262,1.0000,11.0000,8.9995,0.3056,0.3334,0.1111,55.09,0.4445,0.7500,0.5278,44.00,60.26,0.7301,5,2,17.00,76.00,37.00,76.00,10.00,11.00,27.00,11.00,13.00,39.00,9.00,31.00,18,760,723,3,4,8,11
2026-07-07T21:32:00-05:00,1783477920,6467,1.0000,-335.0000,15.5168,0.7734,0.0644,0.0000,40.50,-0.8861,-2.5617,-0.0644,155.00,162.87,0.9517,2,2,77.00,54.00,18.00,54.00,18.00,6.00,22.00,6.00,7.00,10.00,1.00,6.50,61,717,542,0,0,0,0
2026-07-08T03:35:00-05:00,1783499700,6846,0.0000,-1193.0000,36.4206,1.3111,0.2814,0.0069,19.43,-1.1463,-0.1991,-6.0337,603.00,573.45,1.0515,0,0,1390.00,999.00,1123.00,999.00,668.00,32.00,867.00,999.00,113.50,999.00,877.50,999.00,1168,2063,892,3,5,10,15
2026-07-08T04:35:00-05:00,1783503300,6894,1.0000,-391.0000,20.2996,0.6774,0.1108,0.1355,63.46,0.7389,1.5641,2.1306,257.00,197.94,1.2984,2,3,391.00,176.00,391.00,176.00,131.00,46.00,1034.00,145.00,41.50,158.50,323.00,271.00,1335,2230,1059,0,0,0,0
2026-07-08T08:16:00-05:00,1783516560,7069,0.0000,584.0000,19.7486,0.2532,0.1393,0.1266,55.20,-0.2025,1.5824,1.3672,240.00,323.15,0.7427,4,4,162.00,204.00,162.00,204.00,44.00,22.00,243.00,22.00,7.00,44.50,253.50,86.50,141,1439,1157,0,0,0,0
2026-07-08T08:45:00-05:00,1783518300,7156,1.0000,633.0000,40.1092,0.8664,0.1309,0.2306,70.48,0.9100,0.2493,3.2848,1787.00,1907.49,0.9368,4,1,999.00,519.00,999.00,921.00,3.00,10.00,13.00,11.00,14.00,10.50,2.00,5.00,142,698,1898,3,5,10,15
2026-07-08T10:10:00-05:00,1783523400,7220,1.0000,-675.0000,33.1210,0.3019,0.1812,0.4529,46.66,0.3246,-0.4453,-1.5700,682.00,732.90,0.9305,3,4,76.00,102.00,141.00,201.00,23.00,31.00,124.00,43.00,6.00,2.50,232.50,107.50,120,1418,1178,0,0,0,0
2026-07-08T10:50:00-05:00,1783525800,7252,1.0000,-831.0000,27.7356,0.1983,0.1893,0.5949,42.77,-0.2434,-0.7932,-1.0997,677.00,729.26,0.9283,2,3,253.00,223.00,253.00,223.00,13.00,38.00,100.00,107.00,4.50,32.50,250.00,31.00,107,1876,720,0,0,0,0
2026-07-08T11:13:00-05:00,1783527180,7296,1.0000,207.0000,25.8858,0.1159,0.3187,0.2801,72.80,-0.1835,2.2792,4.5392,755.00,856.55,0.8814,1,0,999.00,614.00,139.00,203.00,21.00,33.00,122.00,45.00,4.00,4.50,230.50,5.50,118,1416,1180,3,5,10,15
2026-07-08T12:35:00-05:00,1783532100,7387,1.0000,222.0000,17.6507,0.4816,0.0567,0.5382,69.72,0.4532,-0.1416,3.6684,658.00,618.83,1.0633,3,0,50.00,406.00,50.00,442.00,8.00,0.00,26.00,13.00,1.50,1.00,29.50,12.50,603,185,2142,3,5,9,9
2026-07-08T18:14:00-05:00,1783552440,7645,0.0000,162.0000,7.9448,0.0944,0.2832,0.4091,61.39,0.1259,-0.5349,2.4230,40.00,57.55,0.6950,4,3,18.00,147.00,5.00,157.00,2.00,7.00,5.00,11.00,1.00,0.50,31.50,10.50,495,183,1643,0,0,4,5
2026-07-08T18:14:00-05:00,1783552440,7653,1.0000,21.0000,7.9448,0.0944,0.2832,0.4091,61.39,0.1259,-0.5349,2.4230,40.00,57.55,0.6950,4,3,18.00,147.00,5.00,157.00,2.00,7.00,5.00,11.00,1.00,0.50,31.50,10.50,495,183,1643,2,2,2,2
2026-07-08T23:47:00-05:00,1783572420,7995,1.0000,62.0000,10.3885,0.3369,0.1444,0.4091,62.46,0.4813,0.7460,0.8182,25.00,91.76,0.2725,5,2,20.00,136.00,14.00,108.00,2.00,0.00,6.00,8.00,3.50,6.00,38.00,0.00,273,196,2000,3,5,10,15
2026-07-09T00:26:00-05:00,1783574760,8040,1.0000,-161.0000,13.5158,0.4069,0.0740,0.0925,42.99,0.3329,-0.5179,-4.1618,89.00,104.72,0.8499,3,3,31.00,5.00,59.00,56.00,2.00,3.00,2.00,5.00,2.50,14.50,6.50,22.00,228,241,1955,0,0,0,0
2026-07-09T02:19:00-05:00,1783581540,8142,1.0000,76.0000,11.2165,0.2229,0.3566,0.0892,66.40,0.1114,0.1337,2.7861,181.00,162.91,1.1110,4,3,999.00,166.00,999.00,218.00,3.00,1.00,19.00,40.00,6.00,7.00,2.00,16.00,451,292,1038,3,5,10,15
2026-07-09T08:52:00-05:00,1783605120,8533,1.0000,535.0000,31.5102,0.1031,0.4602,0.1269,64.82,0.1031,0.5792,1.8803,2207.00,2059.85,1.0714,3,1,999.00,339.00,999.00,339.00,1.00,1.00,5.00,3.00,3.00,18.00,3.00,5.50,776,630,1315,3,5,10,15
2026-07-09T14:35:00-05:00,1783625700,8827,1.0000,-227.0000,11.5689,0.9076,0.0864,0.0864,48.65,0.8644,1.2318,-1.5127,469.00,580.30,0.8082,3,4,34.00,77.00,120.00,77.00,1.00,1.00,12.00,5.00,6.00,0.50,5.00,6.00,259,12,1255,0,0,0,0
2026-07-09T17:27:00-05:00,1783636020,9003,0.0000,-54.0000,8.9327,0.0560,0.3079,0.3079,35.16,-0.2799,-0.9796,-2.9946,60.00,73.52,0.8161,3,6,141.00,13.00,193.00,4.00,3.00,0.00,9.00,10.00,4.00,0.00,2.00,0.50,9,334,1182,3,5,10,15
2026-07-09T18:22:00-05:00,1783639320,9059,1.0000,53.0000,6.8581,0.1823,0.2187,0.6562,60.78,0.0000,0.7291,1.6768,43.00,70.43,0.6106,1,3,999.00,55.00,60.00,5.00,1.00,0.00,1.00,2.00,10.50,11.50,5.00,1.50,123,201,1315,3,5,10,15
2026-07-09T19:17:00-05:00,1783642620,9108,0.0000,-220.0000,17.1389,0.1167,0.2626,0.4959,36.80,-0.3209,-0.3793,-1.8379,253.00,249.48,1.0141,1,3,130.00,52.00,226.00,52.00,1.00,0.00,7.00,4.00,10.50,1.00,2.50,1.50,89,490,1026,3,5,10,15
2026-07-09T21:11:00-05:00,1783649460,9189,0.0000,256.0000,10.8417,0.9224,0.3228,0.1153,44.26,-0.9915,-0.1845,-1.9139,63.00,82.91,0.7598,4,2,79.00,65.00,165.00,65.00,2.00,0.00,7.00,0.00,2.50,9.50,3.00,2.00,123,448,1068,0,0,0,0
2026-07-10T01:45:00-05:00,1783665900,9434,1.0000,-303.0000,10.5458,0.6875,0.0000,0.0474,57.29,0.6164,2.2047,0.3082,105.00,118.82,0.8837,2,3,40.00,135.00,40.00,184.00,2.00,0.00,32.00,0.00,8.50,1.50,8.00,2.50,82,569,68,0,0,0,0
2026-07-10T03:26:00-05:00,1783671960,9557,1.0000,-206.0000,10.8222,0.3234,0.2772,0.1617,47.03,-0.3003,0.4851,-1.2474,89.00,112.15,0.7936,3,2,40.00,73.00,120.00,120.00,6.00,0.00,6.00,6.00,3.50,3.50,28.50,11.00,272,759,122,0,0,0,0
2026-07-10T06:15:00-05:00,1783682100,9764,1.0000,78.0000,7.4662,0.8706,0.1005,0.0335,68.13,0.9710,2.0425,3.5159,177.00,110.84,1.5969,3,1,999.00,79.00,999.00,188.00,1.00,1.00,6.00,1.00,1.50,10.50,2.00,3.00,8,327,310,3,5,10,13
2026-07-10T08:00:00-05:00,1783688400,9877,0.0000,-52.0000,12.4379,0.4824,0.3216,0.2412,39.48,0.5226,-1.9899,-1.8090,295.00,197.54,1.4934,3,4,140.00,141.00,44.00,4.00,1.00,0.00,3.00,0.00,10.00,4.50,12.50,1.50,141,628,9,3,5,10,15
2026-07-10T09:00:00-05:00,1783692000,9936,1.0000,-76.0000,30.5519,0.1637,0.5482,0.1227,53.47,-0.1718,-0.1718,1.4238,1525.00,1395.83,1.0925,3,5,76.00,57.00,76.00,332.00,1.00,2.00,20.00,2.00,1.00,2.00,0.50,1.50,46,183,454,3,5,10,15
2026-07-10T10:25:00-05:00,1783697100,10009,1.0000,188.0000,26.0810,0.4218,0.5176,0.0096,70.72,0.4505,0.6997,3.2207,1234.00,889.13,1.3879,4,0,999.00,720.00,24.00,214.00,2.00,2.00,4.00,7.00,1.00,1.50,2.00,4.50,122,14,623,3,5,10,15
2026-07-10T13:30:00-05:00,1783708200,10198,0.0000,71.0000,10.7857,0.3477,0.0464,0.3940,52.45,0.2781,-0.9040,0.6722,314.00,459.17,0.6838,5,3,37.00,44.00,66.00,71.00,1.00,8.00,4.00,20.00,18.00,20.50,6.00,4.50,588,342,1496,0,0,1,1
2026-07-10T14:10:00-05:00,1783710600,10225,1.0000,-68.0000,9.2430,0.0541,0.5139,0.4598,49.23,-0.0270,-2.0015,0.7032,432.00,459.30,0.9406,5,4,3.00,62.00,68.00,69.00,3.00,4.00,3.00,18.00,20.00,18.50,8.00,2.50,586,340,1494,0,0,0,0
2026-07-12T18:08:00-05:00,1783897680,10415,1.0000,-49.0000,10.7931,0.6022,0.0232,0.2316,47.68,-0.3706,-0.1390,0.2780,34.00,79.32,0.4286,4,4,22.00,46.00,49.00,81.00,2.00,1.00,2.00,1.00,4.50,1.00,7.50,0.50,62,743,868,0,0,0,0
2026-07-12T19:07:00-05:00,1783901220,10480,1.0000,331.0000,21.1623,0.7088,0.5552,0.1181,72.06,-0.7442,1.3349,4.8908,432.00,434.70,0.9938,3,1,999.00,422.00,305.00,437.00,7.00,0.00,19.00,6.00,4.50,11.50,6.50,0.50,42,387,1224,3,5,10,15
2026-07-12T20:58:00-05:00,1783907880,10575,1.0000,-382.0000,17.9032,0.1117,0.1257,0.4608,36.85,0.1676,0.1536,-3.3514,331.00,334.05,0.9909,0,2,359.00,999.00,359.00,999.00,2.00,4.00,7.00,5.00,1.00,1.50,6.00,10.50,66,1297,314,0,0,0,0
2026-07-12T20:58:00-05:00,1783907880,10587,0.0000,-142.0000,17.9032,0.1117,0.1257,0.4608,36.85,0.1676,0.1536,-3.3514,331.00,334.05,0.9909,0,2,359.00,999.00,359.00,999.00,2.00,4.00,7.00,5.00,1.00,1.50,6.00,10.50,66,1297,314,3,5,10,15
2026-07-13T03:19:00-05:00,1783930740,10959,1.0000,191.0000,13.0032,0.4999,0.4230,0.0385,67.16,-0.6152,1.0767,3.6722,121.00,170.92,0.7079,3,0,999.00,281.00,999.00,324.00,12.00,0.00,12.00,0.00,3.00,21.50,4.50,3.00,117,1440,700,3,5,10,15
2026-07-13T08:52:00-05:00,1783950720,11309,0.0000,-442.0000,35.9635,0.5144,0.2920,0.0556,35.53,0.5214,-0.8967,-2.2036,1599.00,2025.71,0.7894,0,2,787.00,19.00,787.00,90.00,2.00,4.00,30.00,4.00,5.00,17.50,12.00,26.00,251,1037,9,3,5,10,15
2026-07-13T17:11:00-05:00,1783980660,11728,1.0000,69.0000,11.3831,0.3953,0.0439,0.1098,54.36,-0.6808,-1.0103,1.5593,42.00,97.38,0.4313,3,4,87.00,127.00,87.00,13.00,4.00,0.00,4.00,1.00,9.00,1.00,3.50,20.50,582,1368,340,3,5,10,15
2026-07-13T18:06:00-05:00,1783983960,11797,0.0000,-156.0000,9.8582,0.0507,0.1014,0.3297,34.08,0.1522,-0.8369,-4.7169,51.00,122.84,0.4152,1,2,71.00,60.00,211.00,3.00,1.00,0.00,1.00,3.00,2.00,11.50,6.00,8.00,864,1650,622,3,5,10,15
2026-07-13T18:44:00-05:00,1783986240,11831,0.0000,-132.0000,9.8630,0.4056,0.4056,0.4816,24.01,-0.4816,-2.0785,-3.3459,138.00,142.02,0.9717,1,4,183.00,999.00,262.00,999.00,4.00,6.00,30.00,14.00,5.50,2.50,5.00,0.50,1078,1864,836,3,5,9,10
2026-07-13T19:28:00-05:00,1783988880,11880,1.0000,-224.0000,27.9776,0.3128,0.0626,0.6076,46.70,-0.3485,-0.5898,-1.7782,254.00,244.38,1.0394,4,5,219.00,109.00,12.00,12.00,1.00,5.00,5.00,5.00,7.00,5.50,5.00,13.00,828,1614,586,0,1,6,9
2026-07-14T01:39:00-05:00,1784011140,12221,0.0000,148.0000,10.2674,0.0243,0.1948,0.2191,46.09,0.0974,-1.4366,-0.1948,39.00,95.24,0.4095,3,4,78.00,79.00,66.00,79.00,5.00,0.00,7.00,1.00,0.50,0.50,8.00,0.00,497,294,1245,0,0,2,4
2026-07-14T05:31:00-05:00,1784025060,12479,0.0000,-52.0000,8.2804,1.5700,1.7209,0.3623,36.08,-1.4190,-0.9058,-2.5663,274.00,78.12,3.5072,1,1,154.00,999.00,112.00,20.00,2.00,2.00,10.00,6.00,12.00,0.50,4.00,1.00,24,272,1113,3,4,4,4
2026-07-14T09:36:00-05:00,1784039760,12705,1.0000,-119.0000,42.6274,0.0000,0.4985,0.2932,66.06,-0.0235,2.2579,2.5746,1497.00,1866.07,0.8022,6,5,77.00,259.00,104.00,99.00,1.00,0.00,10.00,5.00,3.00,9.50,3.00,8.50,597,516,895,0,0,0,0
2026-07-14T10:50:00-05:00,1784044200,12769,0.0000,629.0000,19.9443,0.6017,0.3510,0.1880,40.32,-0.5515,-1.1031,-1.3036,712.00,635.04,1.1212,4,4,141.00,71.00,61.00,251.00,1.00,1.00,3.00,1.00,4.00,5.50,2.00,8.00,106,420,1047,0,0,0,0
2026-07-14T12:35:00-05:00,1784050500,12910,1.0000,-84.0000,12.0089,0.0833,0.0625,0.9368,42.79,-0.1249,-2.3732,-0.8952,499.00,408.14,1.2226,3,3,84.00,62.00,39.00,19.00,4.00,0.00,5.00,0.00,11.00,3.50,9.00,6.50,63,367,1050,0,2,7,10
2026-07-14T13:35:00-05:00,1784054100,12934,0.0000,189.0000,9.4742,0.3430,0.3694,0.0528,55.05,0.3694,1.7943,-0.0264,357.00,312.49,1.1424,4,5,16.00,74.00,4.00,94.00,3.00,0.00,4.00,0.00,6.00,0.50,1.00,3.50,161,119,1194,0,0,5,8
2026-07-14T21:04:00-05:00,1784081040,13358,1.0000,64.0000,10.7741,0.7193,0.0000,0.0000,66.32,0.7193,0.2552,3.8518,38.00,86.83,0.4376,3,1,999.00,196.00,999.00,274.00,2.00,2.00,4.00,7.00,1.00,1.50,2.00,4.50,385,257,858,3,5,10,15
2026-07-14T21:47:00-05:00,1784083620,13398,1.0000,-15.0000,6.9590,0.7185,0.4311,0.1796,52.60,-0.8263,-0.5748,0.3592,88.00,53.68,1.6394,4,2,12.00,78.00,15.00,78.00,4.00,1.00,6.00,16.00,0.50,0.00,11.50,13.00,457,329,930,2,2,2,2
2026-07-15T01:50:00-05:00,1784098200,13641,0.0000,7.0000,7.0182,0.0356,0.0356,0.8905,50.29,0.3562,0.2137,-0.8193,39.00,48.77,0.7996,3,4,7.00,7.00,1.00,60.00,1.00,0.00,17.00,0.00,5.00,7.50,17.00,24.00,644,516,1117,2,2,5,8
2026-07-15T07:03:00-05:00,1784116980,13950,0.0000,-30.0000,8.4013,0.2976,0.5951,0.0298,36.90,-0.3571,-2.4401,-1.0117,43.00,72.60,0.5923,4,4,86.00,999.00,69.00,72.00,1.00,0.00,2.00,0.00,0.50,0.50,7.00,0.50,51,634,128,3,5,10,15
2026-07-15T08:50:00-05:00,1784123400,14066,0.0000,-659.0000,30.2441,0.4464,0.3058,0.4794,22.13,-0.4381,-2.0169,-4.7861,2245.00,1939.64,1.1574,0,0,746.00,999.00,599.00,999.00,2.00,1.00,2.00,12.00,3.50,0.00,9.00,2.00,581,1164,402,3,5,10,15
2026-07-15T17:20:00-05:00,1784154000,14468,0.0000,236.0000,7.1420,0.3500,0.2800,0.1400,45.80,0.3150,-0.6651,-2.4503,77.00,60.57,1.2712,3,2,104.00,92.00,56.00,92.00,1.00,3.00,1.00,5.00,5.50,0.00,5.00,2.50,98,1107,1304,0,0,0,0
2026-07-15T17:20:00-05:00,1784154000,14484,1.0000,10.0000,7.1420,0.3500,0.2800,0.1400,45.80,0.3150,-0.6651,-2.4503,77.00,60.57,1.2712,3,2,104.00,92.00,56.00,92.00,1.00,3.00,1.00,5.00,5.50,0.00,5.00,2.50,98,1107,1304,3,3,5,5
2026-07-15T19:19:00-05:00,1784161140,14612,1.0000,-151.0000,15.5526,0.6108,0.1447,0.0804,38.82,-0.4662,-3.7936,-2.9095,134.00,173.02,0.7745,4,4,124.00,3.00,97.00,3.00,5.00,0.00,5.00,0.00,3.00,10.50,5.00,0.00,8,1214,1197,0,0,0,0
2026-07-15T20:54:00-05:00,1784166840,14691,1.0000,-32.0000,15.5687,0.8190,0.5620,0.0803,61.70,0.8671,-0.2409,2.3123,79.00,125.29,0.6305,3,4,999.00,156.00,32.00,196.00,2.00,2.00,3.00,2.00,5.50,6.00,5.00,5.00,108,1314,1097,2,2,2,2
2026-07-15T22:04:00-05:00,1784171040,14762,0.0000,435.0000,8.2034,0.2133,0.0610,0.2743,67.76,-0.1219,0.2133,3.2913,46.00,93.83,0.4902,3,0,29.00,235.00,21.00,133.00,3.00,1.00,5.00,6.00,1.50,4.00,0.50,6.50,175,138,1327,0,0,0,0
2026-07-15T22:04:00-05:00,1784171040,14794,1.0000,87.0000,8.2034,0.2133,0.0610,0.2743,67.76,-0.1219,0.2133,3.2913,46.00,93.83,0.4902,3,0,29.00,235.00,21.00,133.00,3.00,1.00,5.00,6.00,1.50,4.00,0.50,6.50,175,138,1327,3,5,10,15
2026-07-16T00:30:00-05:00,1784179800,14943,1.0000,225.0000,11.0331,1.4728,1.3595,0.1360,70.54,1.4728,0.9970,2.2206,602.00,180.95,3.3270,1,1,999.00,171.00,999.00,239.00,6.00,3.00,7.00,3.00,4.50,1.00,7.00,4.50,220,75,754,3,4,4,4
2026-07-16T01:28:00-05:00,1784183280,15007,1.0000,-181.0000,14.6993,0.0170,0.3061,0.2381,39.37,0.0680,-1.1735,-1.9219,48.00,101.80,0.4715,4,3,110.00,37.00,77.00,37.00,1.00,2.00,1.00,8.00,0.50,1.00,2.00,0.50,37,302,377,0,0,0,0
2026-07-16T05:54:00-05:00,1784199240,15248,1.0000,-159.0000,9.6077,0.3643,0.2342,0.2862,48.64,0.2602,1.1709,0.8327,70.00,59.58,1.1750,3,4,41.00,28.00,137.00,28.00,1.00,0.00,6.00,0.00,2.00,9.50,11.50,0.00,480,1102,288,0,0,0,0
2026-07-16T05:54:00-05:00,1784199240,15263,0.0000,37.0000,9.6077,0.3643,0.2342,0.2862,48.64,0.2602,1.1709,0.8327,70.00,59.58,1.1750,3,4,41.00,28.00,137.00,28.00,1.00,0.00,6.00,0.00,2.00,9.50,11.50,0.00,480,1102,288,0,0,5,10
2026-07-16T06:19:00-05:00,1784200740,15289,0.0000,-189.0000,13.7861,0.3990,0.3083,0.0363,35.59,0.3083,-2.3756,-2.1036,98.00,158.22,0.6194,1,6,139.00,36.00,330.00,36.00,3.00,0.00,3.00,8.00,2.50,3.50,13.50,4.00,745,1367,553,3,5,10,15
2026-07-16T06:48:00-05:00,1784202480,15316,0.0000,-9.0000,14.0201,0.0535,0.5884,0.3031,42.67,0.1427,-0.3210,-0.6241,51.00,115.58,0.4412,3,5,108.00,30.00,232.00,999.00,4.00,1.00,4.00,8.00,0.50,9.00,16.00,7.50,790,1412,598,3,5,10,14
2026-07-16T08:05:00-05:00,1784207100,15359,1.0000,-110.0000,13.7852,0.3083,0.0907,0.3446,62.41,0.2539,0.3808,2.5208,280.00,303.18,0.9235,4,5,29.00,148.00,42.00,148.00,3.00,1.00,3.00,7.00,3.00,1.50,13.50,22.00,847,1469,655,0,0,1,5
2026-07-16T09:57:00-05:00,1784213820,15501,0.0000,31.0000,27.1184,0.4056,0.2120,0.1844,43.17,0.4517,0.3411,-1.8714,1051.00,1111.59,0.9455,5,3,294.00,31.00,139.00,31.00,1.00,0.00,6.00,0.00,5.50,5.50,1.50,2.50,944,1566,752,0,0,3,8
2026-07-16T12:50:00-05:00,1784224200,15684,0.0000,-72.0000,17.6206,0.0284,0.3831,0.3689,44.30,-0.0142,1.7309,-1.5607,414.00,700.74,0.5908,2,4,309.00,152.00,330.00,6.00,11.00,6.00,11.00,11.00,19.50,28.50,21.50,214.50,1538,2160,1346,3,5,10,15
2026-07-16T13:35:00-05:00,1784226900,15730,1.0000,-161.0000,19.1938,0.3256,0.0000,0.4038,39.97,-0.3256,-0.5992,-2.1882,520.00,543.59,0.9566,4,4,85.00,61.00,119.00,81.00,1.00,16.00,1.00,16.00,5.00,71.00,92.50,29.00,1609,2231,1417,0,0,0,0
2026-07-16T15:08:00-05:00,1784232480,15768,1.0000,-247.0000,19.8328,0.0630,0.1765,0.0756,55.53,0.1387,-0.7311,1.1723,326.00,1084.37,0.3006,3,2,187.00,184.00,187.00,452.00,3.00,29.00,7.00,51.00,8.00,14.50,47.50,56.50,1800,2422,1608,0,0,0,0
2026-07-16T22:03:00-05:00,1784257380,16139,1.0000,-202.0000,11.1261,0.7640,0.1348,0.0899,57.38,0.8763,0.3820,2.1796,119.00,107.51,1.1069,4,2,14.00,128.00,22.00,128.00,13.00,17.00,42.00,999.00,8.00,8.00,169.50,7.00,2825,3447,2633,0,0,0,0
2026-07-16T22:03:00-05:00,1784257380,16176,0.0000,128.0000,11.1261,0.7640,0.1348,0.0899,57.38,0.8763,0.3820,2.1796,119.00,107.51,1.1069,4,2,14.00,128.00,22.00,128.00,13.00,17.00,42.00,999.00,8.00,8.00,169.50,7.00,2825,3447,2633,0,0,0,0
2026-07-17T00:38:00-05:00,1784266680,16335,0.0000,-170.0000,15.2277,0.0328,0.4269,0.2627,26.59,-0.0328,-2.6104,-3.7103,123.00,242.29,0.5077,2,4,267.00,999.00,312.00,999.00,118.00,999.00,118.00,999.00,226.50,999.00,228.50,999.00,3586,4208,3394,3,5,10,15
2026-07-17T01:28:00-05:00,1784269680,16368,1.0000,182.0000,12.8225,0.1560,0.2340,0.5654,72.24,-0.1365,1.6572,4.4648,138.00,173.93,0.7934,3,0,999.00,345.00,14.00,127.00,3.00,19.00,82.00,144.00,23.00,44.00,73.00,69.50,3288,3910,3096,3,5,10,14
2026-07-17T03:26:00-05:00,1784276760,16499,0.0000,-298.0000,21.1581,0.7326,0.0000,0.6026,38.39,0.7562,0.5435,-3.0839,257.00,323.14,0.7953,0,3,467.00,106.00,518.00,999.00,37.00,106.00,298.00,999.00,25.50,999.00,345.00,999.00,4144,4766,3952,3,5,10,15
2026-07-17T07:14:00-05:00,1784290440,16705,1.0000,-365.0000,12.6435,0.6130,0.0000,0.0000,36.21,0.6723,-0.0989,-4.5675,97.00,187.97,0.5160,0,3,314.00,999.00,129.00,215.00,12.00,0.00,20.00,15.00,15.00,43.50,32.00,72.50,642,4453,535,0,0,0,0
2026-07-17T07:14:00-05:00,1784290440,16722,0.0000,-119.0000,12.6435,0.6130,0.0000,0.0000,36.21,0.6723,-0.0989,-4.5675,97.00,187.97,0.5160,0,3,314.00,999.00,129.00,215.00,12.00,0.00,20.00,15.00,15.00,43.50,32.00,72.50,642,4453,535,3,5,10,15
2026-07-17T08:06:00-05:00,1784293560,16781,0.0000,-64.0000,13.3191,0.4129,0.8259,0.1126,33.49,-0.4880,-0.7696,-1.7456,351.00,279.61,1.2553,4,4,192.00,999.00,163.00,19.00,1.00,2.00,43.00,2.00,22.50,91.50,5.50,35.50,838,4649,339,3,5,10,15
2026-07-17T08:52:00-05:00,1784296320,16828,0.0000,-121.0000,40.5346,0.6723,0.4626,0.1480,55.74,0.6723,1.6591,1.0238,2186.00,2107.61,1.0372,3,1,340.00,570.00,541.00,570.00,48.00,3.00,106.00,3.00,97.50,150.00,43.00,999.00,257,1099,3,2,2,2,2
2026-07-17T09:53:00-05:00,1784299980,16884,1.0000,-496.0000,37.4473,0.4673,0.0200,0.0668,41.19,-0.5207,-1.2551,-2.5770,920.00,1193.95,0.7705,4,3,395.00,13.00,3.00,13.00,3.00,5.00,42.00,100.00,8.50,6.00,15.00,20.50,12,248,854,0,0,0,0
2026-07-17T12:31:00-05:00,1784309460,17004,0.0000,672.0000,18.9451,0.6994,0.0924,0.2507,54.82,-0.6730,-0.3431,-0.4223,630.00,734.77,0.8574,5,2,8.00,187.00,65.00,187.00,8.00,0.00,10.00,53.00,41.00,5.50,20.50,25.50,1159,802,2471,0,0,0,0
2026-07-17T13:50:00-05:00,1784314200,17126,0.0000,70.0000,21.2584,0.3175,0.2352,0.3763,50.33,-0.3646,1.3054,0.0588,672.00,792.36,0.8481,3,4,90.00,60.00,14.00,70.00,5.00,0.00,14.00,0.00,30.50,19.00,22.00,9.00,415,58,1727,0,0,0,0
2026-07-19T17:34:00-05:00,1784500440,17280,1.0000,57.0000,20.3424,0.4916,0.1106,0.0000,70.31,0.3564,2.9987,2.2613,177.00,229.57,0.7710,4,2,999.00,279.00,76.00,20.00,38.00,6.00,50.00,10.00,27.50,2.50,30.50,0.00,89,891,1677,3,5,10,15
2026-07-19T18:33:00-05:00,1784503980,17342,0.0000,119.0000,13.7104,0.0000,0.3647,0.3465,54.63,-0.0547,1.6411,0.7476,60.00,60.29,0.9952,5,3,40.00,96.00,16.00,71.00,1.00,0.00,3.00,99.00,5.50,8.00,3.50,19.00,38,942,1626,0,0,0,0
2026-07-19T19:22:00-05:00,1784506920,17397,1.0000,246.0000,17.7664,0.1407,0.4644,0.0985,61.78,0.1689,-0.4503,2.1952,181.00,188.82,0.9586,3,0,87.00,507.00,87.00,543.00,4.00,3.00,4.00,4.00,7.00,12.00,61.50,33.00,115,434,2134,3,5,10,15
2026-07-19T20:30:00-05:00,1784511000,17463,0.0000,-120.0000,20.3075,0.0739,0.3447,0.3447,34.52,0.0492,-2.9053,-1.8343,304.00,220.22,1.3804,3,5,274.00,999.00,9.00,42.00,2.00,4.00,9.00,4.00,20.00,1.50,7.00,3.50,93,935,427,3,5,10,15
2026-07-20T01:57:00-05:00,1784530620,17713,1.0000,-293.0000,12.4419,0.9243,0.3416,0.1206,50.58,-1.0248,-0.3818,0.7435,60.00,63.70,0.9419,4,3,6.00,69.00,71.00,27.00,6.00,0.00,6.00,23.00,1.00,3.00,3.00,27.50,57,671,132,0,0,0,0
2026-07-20T03:11:00-05:00,1784535060,17860,1.0000,-70.0000,13.1355,0.2665,0.3616,0.1903,52.86,0.4377,-0.2094,-0.8374,96.00,100.17,0.9584,3,2,51.00,76.00,70.00,76.00,5.00,6.00,41.00,21.00,4.00,0.00,0.50,7.00,48,220,583,3,5,6,6
2026-07-20T04:27:00-05:00,1784539620,17930,1.0000,59.0000,10.0702,0.1241,0.2483,0.0000,59.52,-0.0248,-0.3227,2.7556,27.00,56.04,0.4818,4,3,44.00,164.00,85.00,61.00,4.00,6.00,56.00,6.00,1.00,8.00,5.50,9.50,63,235,568,3,5,10,15
2026-07-20T06:46:00-05:00,1784547960,18072,1.0000,232.0000,15.0406,0.0997,0.3989,0.1164,63.97,-0.0665,-1.2466,0.9973,160.00,222.02,0.7207,3,1,97.00,38.00,100.00,387.00,19.00,7.00,83.00,7.00,25.50,11.50,9.00,10.00,655,484,1287,3,5,10,15
2026-07-20T08:23:00-05:00,1784553780,18163,0.0000,178.0000,9.8501,0.2284,0.0508,0.1777,56.45,0.1523,1.3198,-0.1269,110.00,150.21,0.7323,4,4,2.00,97.00,2.00,97.00,2.00,6.00,11.00,6.00,9.00,2.00,15.50,13.00,499,328,1131,0,0,0,0
2026-07-20T11:10:00-05:00,1784563800,18342,1.0000,300.0000,18.0009,0.3333,0.3055,0.1250,71.99,0.3611,1.0138,2.9721,867.00,799.46,1.0845,3,1,999.00,324.00,331.00,354.00,20.00,1.00,20.00,1.00,3.00,19.00,27.00,0.00,756,585,1388,3,5,10,15
